order_id,order_date,customer_id,product_category,quantity,unit_price,discount,returned
O101,2026-09-01,C201,Electronics,2,499.90,0.10,false
O102,2026-09-02,C202,Books,-1,199.00,0.00,false
O103,2026-09-03,C203,Sports,3,-349.50,0.15,true
O104,2026-09-04,C204,Home,2,129.90,1.25,false
O105,not-a-date,C205,Electronics,1,899.00,0.20,false
O106,2026-09-06,,Books,4,89.50,0.10,false
O107,2026-09-07,C207,Sports,two,249.00,0.00,false
O108,2026-09-08,C208,Home,5,79.90,0.15,maybe
O109,2026-09-09,C209,Toys,3,159.00,0.05,false
O110,2026-09-10,C210,Books,2,299.00,,false
O111,2026-09-11,C211,Sports,1,599.00,0.20,false
O112,2026-09-12,C212,Home,3,149.50,0.05,false
O113,2026-09-13,C213,Electronics,2,749.00,0.00,true
O114,2026-09-14,C214,Books,1,129.00,0.10,false
O115,2026-09-15,C215,Sports,4,199.90,0.15,false
O116,2026-09-16,C216,Home,2,349.00,0.05,false
O117,2026-09-17,C217,Electronics,1,1299.00,0.20,false
O118,2026-09-18,C218,Books,3,159.90,0.00,false
O119,2026-09-19,C219,Sports,2,449.00,0.10,true
O120,2026-09-20,C220,Home,1,699.00,0.05,false
